{"Andhra Pradesh": {"19/03/2020 06:14": ["1", "0", "0", "0"], "latest": ["1", "0", "0", "0"]}, "Delhi": {"19/03/2020 06:14": ["11", "1", "2", "1"], "latest": ["11", "1", "2", "1"]}, "Haryana": {"19/03/2020 06:14": ["3", "14", "0", "0"], "latest": ["3", "14", "0", "0"]}, "Karnataka": {"19/03/2020 06:14": ["14", "0", "0", "1"], "latest": ["14", "0", "0", "1"]}, "Kerala": {"19/03/2020 06:14": ["25", "2", "3", "0"], "latest": ["25", "2", "3", "0"]}, "Maharashtra": {"19/03/2020 06:14": ["42", "3", "0", "1"], "latest": ["42", "3", "0", "1"]}, "Odisha": {"19/03/2020 06:14": ["1", "0", "0", "0"], "latest": ["1", "0", "0", "0"]}, "Pondicherry": {"19/03/2020 06:14": ["1", "0", "0", "0"], "latest": ["1", "0", "0", "0"]}, "Punjab": {"19/03/2020 06:14": ["1", "0", "0", "0"], "latest": ["1", "0", "0", "0"]}, "Rajasthan": {"19/03/2020 06:14": ["5", "2", "3", "0"], "latest": ["5", "2", "3", "0"]}, "Tamil Nadu": {"19/03/2020 06:14": ["2", "0", "1", "0"], "latest": ["2", "0", "1", "0"]}, "Telengana": {"19/03/2020 06:14": ["4", "2", "1", "0"], "latest": ["4", "2", "1", "0"]}, "Union Territory of Chandigarh": {"19/03/2020 06:14": ["1", "0", "0", "0"], "latest": ["1", "0", "0", "0"]}, "Union Territory of Jammu and Kashmir": {"19/03/2020 06:14": ["4", "0", "0", "0"], "latest": ["4", "0", "0", "0"]}, "Union Territory of Ladakh": {"19/03/2020 06:14": ["8", "0", "0", "0"], "latest": ["8", "0", "0", "0"]}, "Uttar Pradesh": {"19/03/2020 06:14": ["16", "1", "5", "0"], "latest": ["16", "1", "5", "0"]}, "Uttarakhand": {"19/03/2020 06:14": ["1", "0", "0", "0"], "latest": ["1", "0", "0", "0"]}, "West Bengal": {"19/03/2020 06:14": ["1", "0", "0", "0"], "latest": ["1", "0", "0", "0"]}, "Total number of confirmed cases in India": {"19/03/2020 06:14": ["141", "25", "15", "3"], "latest": ["141", "25", "15", "3"]}}